{"eval/loss": 0.8676473498344421, "eval/accuracy": 0.63, "eval/runtime": 25.6599, "eval/samples_per_second": 15.589, "eval/steps_per_second": 1.949, "train/epoch": 8.0, "train/global_step": 400, "_timestamp": 1691116680.5395143, "_runtime": 5853.429402351379, "_step": 9, "train/train_runtime": 5765.1855, "train/train_samples_per_second": 4.44, "train/train_steps_per_second": 0.069, "train/total_flos": 5.42174527881216e+16, "train/train_loss": 0.8988578796386719, "_wandb": {"runtime": 5859}}