{"eval/loss": 0.8234401941299438, "eval/accuracy": 0.695, "eval/runtime": 25.509, "eval/samples_per_second": 15.681, "eval/steps_per_second": 1.96, "train/epoch": 8.0, "train/global_step": 1600, "_timestamp": 1691118238.9628024, "_runtime": 5905.748805522919, "_step": 12, "train/loss": 0.4767, "train/learning_rate": 1.25e-07, "train/train_runtime": 5841.031, "train/train_samples_per_second": 4.383, "train/train_steps_per_second": 0.274, "train/total_flos": 5.42174527881216e+16, "train/train_loss": 0.6902758574485779, "_wandb": {"runtime": 5906}}