{"eval/exact_match": 85.5, "eval/f1": 91.01236604677675, "eval/runtime": 27.8245, "eval/samples_per_second": 30.261, "eval/steps_per_second": 3.81, "train/epoch": 15.93, "train/global_step": 1808, "_timestamp": 1691131929.9716742, "_runtime": 12782.343099117279, "_step": 20, "train/loss": 0.1566, "train/learning_rate": 1.1924778761061947e-06, "train/train_runtime": 12732.3933, "train/train_samples_per_second": 9.124, "train/train_steps_per_second": 0.142, "train/total_flos": 1.0742147937231053e+17, "train/train_loss": 0.46489026799666144, "_wandb": {"runtime": 12782}}