{"eval/loss": 0.8910239934921265, "eval/accuracy": 0.7375, "eval/runtime": 25.1509, "eval/samples_per_second": 15.904, "eval/steps_per_second": 1.988, "train/epoch": 8.0, "train/global_step": 400, "_timestamp": 1691109921.923813, "_runtime": 4864.372882127762, "_step": 9, "train/train_runtime": 4805.8271, "train/train_samples_per_second": 5.327, "train/train_steps_per_second": 0.083, "train/total_flos": 5.42174527881216e+16, "train/train_loss": 0.5839223861694336, "_wandb": {"runtime": 4864}}