{"train/loss": 0.3861, "train/learning_rate": 0.0, "train/epoch": 9.97, "train/global_step": 1000, "_timestamp": 1691038584.82134, "_runtime": 7290.304761171341, "_step": 3, "train/train_runtime": 7242.1084, "train/train_samples_per_second": 8.863, "train/train_steps_per_second": 0.138, "train/total_flos": 5.544331961683397e+16, "train/train_loss": 0.7232752838134766, "eval/exact_match": 40.0, "eval/f1": 59.55188162841784, "eval/runtime": 27.7533, "eval/samples_per_second": 30.339, "eval/steps_per_second": 3.819, "_wandb": {"runtime": 7290}}