{"train/train_runtime": 378.5606, "train/train_samples_per_second": 139.983, "train/train_steps_per_second": 11.665, "train/total_flos": 4.921404092684698e+16, "train/train_loss": 0.003155372496964275, "train/epoch": 8.0, "train/global_step": 4416, "_timestamp": 1691087654.24529, "_runtime": 421.6147029399872, "_step": 1, "eval/exact_match": 25.5, "eval/f1": 40.70966895774524, "eval/runtime": 21.7276, "eval/samples_per_second": 39.765, "eval/steps_per_second": 4.971, "_wandb": {"runtime": 422}}