{
    "epoch": 8.0,
    "eval_accuracy": 0.7375,
    "eval_loss": 0.8910239934921265,
    "eval_runtime": 25.1509,
    "eval_samples": 400,
    "eval_samples_per_second": 15.904,
    "eval_steps_per_second": 1.988,
    "train_loss": 0.5839223861694336,
    "train_runtime": 4805.8271,
    "train_samples": 3200,
    "train_samples_per_second": 5.327,
    "train_steps_per_second": 0.083
}