{"train/loss": 0.0574, "train/learning_rate": 2.8260869565217393e-06, "train/epoch": 8.0, "train/global_step": 4416, "_timestamp": 1691035823.8011518, "_runtime": 4339.535997867584, "_step": 9, "train/train_runtime": 4301.7118, "train/train_samples_per_second": 12.319, "train/train_steps_per_second": 1.027, "train/total_flos": 4.921404092684698e+16, "train/train_loss": 0.6934451406848603, "eval/exact_match": 25.5, "eval/f1": 40.70966895774524, "eval/runtime": 21.635, "eval/samples_per_second": 39.935, "eval/steps_per_second": 4.992, "_wandb": {"runtime": 4339}}