{"eval/loss": 0.0010822825133800507, "eval/accuracy": 1.0, "eval/runtime": 25.0571, "eval/samples_per_second": 15.964, "eval/steps_per_second": 1.995, "train/epoch": 15.93, "train/global_step": 896, "_timestamp": 1691130484.4188645, "_runtime": 12949.314393520355, "_step": 18, "train/loss": 0.4259, "train/learning_rate": 3.09375e-06, "train/train_runtime": 12889.7818, "train/train_samples_per_second": 4.469, "train/train_steps_per_second": 0.07, "train/total_flos": 1.2144709424539238e+17, "train/train_loss": 0.2448975709932191, "_wandb": {"runtime": 12949}}