{"eval/loss": 0.8120618462562561, "eval/accuracy": 0.6775, "eval/runtime": 25.235, "eval/samples_per_second": 15.851, "eval/steps_per_second": 1.981, "train/epoch": 8.0, "train/global_step": 800, "_timestamp": 1691112300.7940323, "_runtime": 5022.699302434921, "_step": 10, "train/loss": 0.8966, "train/learning_rate": 7.5e-07, "train/train_runtime": 4935.8358, "train/train_samples_per_second": 5.187, "train/train_steps_per_second": 0.162, "train/total_flos": 5.42174527881216e+16, "train/train_loss": 0.7973640823364258, "_wandb": {"runtime": 5022}}