{"eval/loss": 1.0695680379867554, "eval/accuracy": 0.405, "eval/runtime": 25.2019, "eval/samples_per_second": 15.872, "eval/steps_per_second": 1.984, "train/epoch": 4.0, "train/global_step": 1600, "_timestamp": 1691100532.4007204, "_runtime": 2984.4106953144073, "_step": 8, "train/loss": 1.0439, "train/learning_rate": 1.25e-06, "train/train_runtime": 2925.7535, "train/train_samples_per_second": 4.375, "train/train_steps_per_second": 0.547, "train/total_flos": 2.71087263940608e+16, "train/train_loss": 1.0391829490661622, "_wandb": {"runtime": 2984}}