{
    "epoch": 15.93,
    "eval_accuracy": 1.0,
    "eval_loss": 0.0010822825133800507,
    "eval_runtime": 25.0571,
    "eval_samples": 400,
    "eval_samples_per_second": 15.964,
    "eval_steps_per_second": 1.995,
    "train_loss": 0.2448975709932191,
    "train_runtime": 12889.7818,
    "train_samples": 3600,
    "train_samples_per_second": 4.469,
    "train_steps_per_second": 0.07
}